Date,Call Volume,CCT,Service Level,Abandon Rate,client,source_sheet,Date_raw,day_of_week,day_name,month,month_name,day_of_month,week_of_year,quarter,quarter_label,is_weekend,is_monday,is_sunday,is_month_start,is_month_end,is_pay_period,dow_sin,dow_cos,month_sin,month_cos,hour,minute,hour_sin,hour_cos,interval_num,interval_sin,interval_cos,Call Volume_lag_1,Call Volume_lag_2,Call Volume_lag_7,Call Volume_lag_14,Call Volume_lag_21,Call Volume_lag_28,Call Volume_rollmean_3,Call Volume_rollstd_3,Call Volume_rollmin_3,Call Volume_rollmax_3,Call Volume_rollmean_7,Call Volume_rollstd_7,Call Volume_rollmin_7,Call Volume_rollmax_7,Call Volume_rollmean_14,Call Volume_rollstd_14,Call Volume_rollmin_14,Call Volume_rollmax_14,Call Volume_rollmean_30,Call Volume_rollstd_30,Call Volume_rollmin_30,Call Volume_rollmax_30,diff_lag7,pct_change_7,volatility_ratio,volume_x_service,volume_x_abandon,lag7_x_weekend,interval_x_dow,trend,trend_squared,outlier_column
2024-01-08,6688.0,343.75,0.8036,0.0173,A,A - Daily,01/08/24 Mon,0,Monday,1,January,8,2,1,Q1,0,1,0,0,0,0,0.0,1.0,0.49999999999999994,0.8660254037844387,0,0,0.0,1.0,0,0.0,1.0,1611.0,3529.0,2147.0,,,,3776.6666666666665,2299.5248059834735,1611.0,6190.0,4860.714285714285,2384.394382527473,1611.0,7458.0,,,,,,,,,4541.0,2.1150442477876106,0.4905440316735434,5374.4767999999995,115.7024,0.0,0,7,49,pct_change_7
2024-03-31,594.0,306.22,0.8736,0.0135,A,A - Daily,03/31/24 Sun,6,Sunday,3,March,31,13,1,Q1,1,0,1,0,1,0,-0.7818314824680299,0.6234898018587334,1.0,6.123233995736766e-17,0,0,0.0,1.0,0,0.0,1.0,3561.0,4600.0,1476.0,1488.0,1211.0,1387.0,4326.0,671.335236673901,3561.0,4817.0,4184.571428571428,1330.678631017879,1476.0,5533.0,4255.642857142857,1296.662793905531,1476.0,5533.0,4177.933333333333,1273.5843238219666,1211.0,5533.0,-882.0,-0.5975609756097561,0.31799639550475056,518.9184,8.019,1476.0,0,90,8100,pct_change_7
2024-04-07,1434.0,329.64,0.9318,0.0076,A,A - Daily,04/07/24 Sun,6,Sunday,4,April,7,14,2,Q2,1,0,1,0,0,0,-0.7818314824680299,0.6234898018587334,0.8660254037844387,-0.49999999999999983,0,0,0.0,1.0,0,0.0,1.0,3615.0,5505.0,594.0,1476.0,1488.0,1211.0,4785.666666666667,1022.6442848485173,3615.0,5505.0,4621.285714285715,1940.5109047435337,594.0,5958.0,4402.928571428572,1614.483649977278,594.0,5958.0,4248.9,1424.181249362061,594.0,5958.0,840.0,1.4141414141414141,0.41990714807891233,1336.2012,10.8984,594.0,0,97,9409,pct_change_7
2024-06-03,6408.0,317.47,0.9491,0.0062,A,A - Daily,06/03/24 Mon,0,Monday,6,June,3,23,2,Q2,0,1,0,1,0,0,0.0,1.0,1.2246467991473532e-16,-1.0,0,0,0.0,1.0,0,0.0,1.0,1633.0,3678.0,3209.0,5564.0,4971.0,5722.0,3525.0,1820.3288164504804,1633.0,5264.0,4142.571428571428,1383.2361641145312,1633.0,5473.0,4175.0,1325.4506345448635,1407.0,5564.0,4120.466666666666,1348.9271786621148,1132.0,5722.0,3199.0,0.9968837644125896,0.3339076194496765,6081.8328,39.7296,0.0,0,154,23716,pct_change_7
2024-06-09,5283.0,323.7,0.9359,0.0073,A,A - Daily,06/09/24 Sun,6,Sunday,6,June,9,23,2,Q2,1,0,1,0,0,0,-0.7818314824680299,0.6234898018587334,1.2246467991473532e-16,-1.0,0,0,0.0,1.0,0,0.0,1.0,5283.0,5283.0,1633.0,1407.0,1544.0,1132.0,5283.0,0.0,5283.0,5283.0,5003.428571428572,1547.2355839951933,1633.0,6408.0,4556.857142857143,1514.3861847241985,1407.0,6408.0,4358.5,1368.623011744234,1132.0,6408.0,3650.0,2.2351500306184935,0.3092350698939685,4944.3597,38.5659,1633.0,0,160,25600,pct_change_7
2024-06-16,1319.0,304.81,0.9788,0.0015,A,A - Daily,06/16/24 Sun,6,Sunday,6,June,16,24,2,Q2,1,0,1,0,0,0,-0.7818314824680299,0.6234898018587334,1.2246467991473532e-16,-1.0,0,0,0.0,1.0,0,0.0,1.0,3358.0,4965.0,5283.0,1633.0,1407.0,1544.0,4381.0,888.9055067891095,3358.0,4965.0,4869.857142857143,699.2251493787993,3358.0,5402.0,4936.642857142857,1155.5740236678143,1633.0,6408.0,4537.766666666666,1257.8929476772194,1407.0,6408.0,-3964.0,-0.7503312511830399,0.14358227127963843,1291.0372,1.9785000000000001,5283.0,0,167,27889,pct_change_7
2024-07-04,2361.0,319.75,0.88,0.0131,A,A - Daily,07/04/24 Thu,3,Thursday,7,July,4,27,3,Q3,0,0,0,0,0,0,0.43388373911755823,-0.900968867902419,-0.4999999999999998,-0.8660254037844388,0,0,0.0,1.0,0,0.0,1.0,5422.0,5755.0,5373.0,5063.0,4820.0,5283.0,5830.333333333333,450.7464179927834,5422.0,6314.0,4606.428571428572,1691.662777382344,1454.0,6314.0,4514.928571428572,1547.0178490485248,1454.0,6314.0,4711.2,1315.6808752570773,1319.0,6314.0,-3012.0,-0.5605806811836963,0.36723955471162684,2077.68,30.929100000000002,0.0,0,185,34225,pct_change_7
2024-07-11,5296.0,313.69,0.8522,0.019,A,A - Daily,07/11/24 Thu,3,Thursday,7,July,11,28,3,Q3,0,0,0,0,0,0,0.43388373911755823,-0.900968867902419,-0.4999999999999998,-0.8660254037844388,0,0,0.0,1.0,0,0.0,1.0,5188.0,5479.0,2361.0,5373.0,5063.0,4820.0,5677.0,612.4924489330393,5188.0,6364.0,4265.0,1817.8965867177358,1508.0,6364.0,4435.714285714285,1696.3044188230722,1454.0,6364.0,4454.733333333334,1510.7372927865674,1319.0,6364.0,2935.0,1.2431173231681492,0.42623601095374813,4513.2512,100.624,0.0,0,192,36864,pct_change_7
2024-09-07,6173.0,329.62,0.8846,0.0103,A,A - Daily,09/07/24 Sat,5,Saturday,9,September,7,36,3,Q3,1,0,0,0,0,0,-0.9749279121818236,-0.2225209339563146,-1.0,-1.8369701987210297e-16,0,0,0.0,1.0,0,0.0,1.0,6173.0,6173.0,3305.0,3182.0,3511.0,3234.0,6173.0,0.0,6173.0,6173.0,4833.285714285715,2014.1605955737245,1500.0,6860.0,4434.928571428572,1672.152204347886,1500.0,6860.0,4253.266666666666,1395.3732397322656,1439.0,6860.0,2868.0,0.8677760968229955,0.4167269875274457,5460.6358,63.5819,3305.0,0,250,62500,pct_change_7
2024-09-08,6173.0,329.62,0.8846,0.0103,A,A - Daily,09/08/24 Sun,6,Sunday,9,September,8,36,3,Q3,1,0,1,0,0,0,-0.7818314824680299,0.6234898018587334,-1.0,-1.8369701987210297e-16,0,0,0.0,1.0,0,0.0,1.0,6173.0,6173.0,1500.0,1514.0,1469.0,1439.0,6173.0,0.0,6173.0,6173.0,5243.0,1941.8708333288632,1500.0,6860.0,4648.571428571428,1690.7273225215467,1500.0,6860.0,4314.833333333333,1438.7650375698356,1439.0,6860.0,4673.0,3.1153333333333335,0.37037399071692984,5460.6358,63.5819,1500.0,0,251,63001,pct_change_7
2024-09-09,6173.0,329.62,0.8846,0.0103,A,A - Daily,09/09/24 Mon,0,Monday,9,September,9,37,3,Q3,0,1,0,0,0,0,0.0,1.0,-1.0,-1.8369701987210297e-16,0,0,0.0,1.0,0,0.0,1.0,6173.0,6173.0,3649.0,5193.0,5088.0,4896.0,6173.0,0.0,6173.0,6173.0,5910.571428571428,1029.6005466754043,3649.0,6860.0,4981.357142857143,1470.4567896846438,1500.0,6860.0,4369.233333333334,1477.9313521301287,1439.0,6860.0,2524.0,0.6916963551657989,0.17419644769004278,5460.6358,63.5819,0.0,0,252,63504,pct_change_7
2024-09-22,1615.0,294.99,0.954,0.0069,A,A - Daily,09/22/24 Sun,6,Sunday,9,September,22,38,3,Q3,1,0,1,0,0,0,-0.7818314824680299,0.6234898018587334,-1.0,-1.8369701987210297e-16,0,0,0.0,1.0,0,0.0,1.0,3243.0,4761.0,6173.0,6173.0,1500.0,1514.0,4307.333333333333,925.076393241842,3243.0,4918.0,5029.142857142857,993.7559104346532,3243.0,6173.0,5601.071428571428,898.9197332427323,3243.0,6173.0,5046.4,1411.4654551332287,1500.0,6860.0,-4558.0,-0.7383768022031427,0.19759945952285457,1540.71,11.1435,6173.0,0,265,70225,pct_change_7
2024-11-28,545.0,290.14,0.9653,0.0096,A,A - Daily,11/28/24 Thu,3,Thursday,11,November,28,48,4,Q4,0,0,0,0,1,0,0.43388373911755823,-0.900968867902419,-0.5000000000000004,0.8660254037844384,0,0,0.0,1.0,0,0.0,1.0,5067.0,5478.0,5322.0,5290.0,4920.0,4323.0,5610.0,619.6361835787123,5067.0,6285.0,4752.0,1491.6458471545207,1713.0,6285.0,4679.714285714285,1417.1764142163067,1713.0,6285.0,4518.333333333333,1328.2493101391194,1392.0,6285.0,-4777.0,-0.8975948891394213,0.3138985368591163,526.0885000000001,5.231999999999999,0.0,0,332,110224,pct_change_7
2024-12-05,6112.0,311.71,0.9025,0.0143,A,A - Daily,12/05/24 Thu,3,Thursday,12,December,5,49,4,Q4,0,0,0,0,0,0,0.43388373911755823,-0.900968867902419,-2.4492935982947064e-16,1.0,0,0,0.0,1.0,0,0.0,1.0,6329.0,7285.0,545.0,5322.0,5290.0,4920.0,7305.333333333333,986.6571508549954,6329.0,8302.0,5212.0,2880.265612751713,545.0,8302.0,4982.0,2216.4806476796634,545.0,8302.0,4751.933333333333,1759.2860803870578,545.0,8302.0,5567.0,5.0,0.5526219517942658,5516.08,87.4016,0.0,0,339,114921,pct_change_7
2024-12-25,294.0,319.62,0.9061,0.0106,A,A - Daily,12/25/24 Wed,2,Wednesday,12,December,25,52,4,Q4,0,0,0,0,0,0,0.9749279121818236,-0.22252093395631434,-2.4492935982947064e-16,1.0,0,0,0.0,1.0,0,0.0,1.0,4112.0,6323.0,6209.0,6715.0,6329.0,5067.0,4242.333333333333,2018.6580526016153,2292.0,6323.0,5089.142857142857,1491.6010892741433,2292.0,6323.0,5333.0,1562.597590798484,2099.0,6945.0,5340.2,1862.4758346036913,545.0,8302.0,-5915.0,-0.9526493799323562,0.29309475704353816,266.3934,3.1164,0.0,0,359,128881,pct_change_7
2025-01-01,2196.0,291.4,0.9504,0.0089,A,A - Daily,01/01/25 Wed,2,Wednesday,1,January,1,1,1,Q1,0,0,0,1,0,1,0.9749279121818236,-0.22252093395631434,0.49999999999999994,0.8660254037844387,0,0,0.0,1.0,0,0.0,1.0,4846.0,6201.0,294.0,6209.0,6715.0,6329.0,4163.333333333333,2451.3600986663196,1443.0,6201.0,3885.5714285714284,2229.612661214411,294.0,6201.0,4487.357142857143,1926.4619466441907,294.0,6323.0,5200.233333333334,1923.5556817829588,294.0,8302.0,1902.0,5.0,0.573818472315191,2087.0784,19.5444,0.0,0,366,133956,pct_change_7
2025-01-08,5423.0,311.64,0.9242,0.0081,A,A - Daily,01/08/25 Wed,2,Wednesday,1,January,8,2,1,Q1,0,0,0,0,0,0,0.9749279121818236,-0.22252093395631434,0.49999999999999994,0.8660254037844387,0,0,0.0,1.0,0,0.0,1.0,5594.0,5880.0,2196.0,294.0,6209.0,6715.0,4346.333333333333,2412.946400841375,1565.0,5880.0,4601.0,2066.207959846571,1565.0,6711.0,4243.285714285715,2098.236637991764,294.0,6711.0,4925.533333333334,1905.856468404925,294.0,7094.0,3227.0,1.4694899817850637,0.4490780177888657,5011.9366,43.9263,0.0,0,373,139129,pct_change_7
2025-04-20,541.0,314.72,0.869,0.0124,A,A - Daily,04/20/25 Sun,6,Sunday,4,April,20,16,2,Q2,1,0,1,0,0,0,-0.7818314824680299,0.6234898018587334,0.8660254037844387,-0.49999999999999983,0,0,0.0,1.0,0,0.0,1.0,2949.0,4159.0,1227.0,1279.0,1318.0,1257.0,3919.0,875.0428560933605,2949.0,4649.0,3839.285714285714,1322.3797631902971,1227.0,5030.0,3915.785714285714,1289.0628783715679,1227.0,5109.0,3917.0666666666666,1241.768592283448,1227.0,5249.0,-686.0,-0.5590872045639772,0.34443379878444946,470.129,6.7084,1227.0,0,475,225625,pct_change_7
2025-04-27,1379.0,339.66,0.9368,0.0067,A,A - Daily,04/27/25 Sun,6,Sunday,4,April,27,17,2,Q2,1,0,1,0,0,0,-0.7818314824680299,0.6234898018587334,0.8660254037844387,-0.49999999999999983,0,0,0.0,1.0,0,0.0,1.0,2956.0,4408.0,541.0,1227.0,1279.0,1318.0,3886.0,807.4181073025462,2956.0,4408.0,3653.714285714286,1478.3547966445303,541.0,4543.0,3746.5,1350.949964910727,541.0,5030.0,3913.266666666667,1304.0092271022559,541.0,5249.0,838.0,1.5489833641404807,0.4046169681150967,1291.8472,9.2393,541.0,0,482,232324,pct_change_7
2025-06-02,5596.0,322.25,0.9327,0.0116,A,A - Daily,06/02/25 Mon,0,Monday,6,June,2,23,2,Q2,0,1,0,1,0,0,0.0,1.0,1.2246467991473532e-16,-1.0,0,0,0.0,1.0,0,0.0,1.0,1412.0,3014.0,2721.0,4707.0,4723.0,5808.0,2954.3333333333335,1513.3824147694368,1412.0,4437.0,3631.5714285714284,1285.918200760687,1412.0,4971.0,3700.0,1229.7284878566245,1230.0,4971.0,3701.133333333333,1321.270802422179,940.0,5808.0,2875.0,1.0565968393972804,0.35409415071495254,5219.3892,64.9136,0.0,0,518,268324,pct_change_7
2025-06-15,4523.0,327.34,0.8785,0.0135,A,A - Daily,06/15/25 Sun,6,Sunday,6,June,15,24,2,Q2,1,0,1,0,0,1,-0.7818314824680299,0.6234898018587334,1.2246467991473532e-16,-1.0,0,0,0.0,1.0,0,0.0,1.0,4523.0,4523.0,1423.0,1412.0,1230.0,1264.0,4523.0,0.0,4523.0,4523.0,4125.571428571428,1201.1220944243248,1423.0,4907.0,4119.642857142857,1252.8258892564431,1412.0,5596.0,3870.8333333333335,1217.9939721082212,1230.0,5596.0,3100.0,2.1784961349262124,0.29114078260917187,3973.4554999999996,61.0605,1423.0,0,531,281961,pct_change_7
2025-06-22,1191.0,333.58,0.9675,0.003,A,A - Daily,06/22/25 Sun,6,Sunday,6,June,22,25,2,Q2,1,0,1,0,0,0,-0.7818314824680299,0.6234898018587334,1.2246467991473532e-16,-1.0,0,0,0.0,1.0,0,0.0,1.0,2897.0,4593.0,4523.0,1423.0,1412.0,1230.0,3793.0,852.0657251644536,2897.0,4593.0,4210.142857142857,627.9032379200386,2897.0,4593.0,4167.857142857143,921.8198436656766,1423.0,4907.0,3985.9,1120.1608366658797,1230.0,5596.0,-3332.0,-0.7366791952244086,0.14914060145364155,1152.2925,3.573,4523.0,0,538,289444,pct_change_7
2025-07-04,1963.0,322.07,0.9234,0.0091,A,A - Daily,07/04/25 Fri,4,Friday,7,July,4,27,3,Q3,0,0,0,0,0,0,-0.433883739117558,-0.9009688679024191,-0.4999999999999998,-0.8660254037844388,0,0,0.0,1.0,0,0.0,1.0,4711.0,4836.0,4243.0,4593.0,4523.0,4443.0,4844.666666666667,138.20395556331115,4711.0,4987.0,3959.5714285714284,1446.5667235610922,1213.0,4987.0,3924.285714285714,1359.0182219059882,1191.0,5164.0,4087.5,1104.8423432545826,1191.0,5164.0,-2280.0,-0.5373556445910912,0.3653341654914906,1812.6342,17.863300000000002,0.0,0,550,302500,pct_change_7
2025-07-11,4493.0,321.84,0.9783,0.0035,A,A - Daily,07/11/25 Fri,4,Friday,7,July,11,28,3,Q3,0,0,0,0,0,0,-0.433883739117558,-0.9009688679024191,-0.4999999999999998,-0.8660254037844388,0,0,0.0,1.0,0,0.0,1.0,4494.0,4594.0,1963.0,4243.0,4593.0,4523.0,4649.666666666667,189.72699684902443,4494.0,4861.0,3700.1428571428573,1595.664274272774,1340.0,5576.0,3829.8571428571427,1469.3734853877095,1213.0,5576.0,4030.4666666666667,1205.8668003680539,1191.0,5576.0,2530.0,1.2888436067244013,0.43124396432220446,4395.5019,15.7255,0.0,0,557,310249,pct_change_7
2025-09-08,4879.0,324.69,0.908,0.0124,A,A - Daily,09/08/25 Mon,0,Monday,9,September,8,37,3,Q3,0,1,0,0,0,0,0.0,1.0,-1.0,-1.8369701987210297e-16,0,0,0.0,1.0,0,0.0,1.0,1345.0,2970.0,2782.0,4468.0,4298.0,4869.0,2913.0,1540.2912062334324,1345.0,4424.0,3696.285714285714,1377.0080748111902,1345.0,5277.0,3572.5,1189.5856259800912,1334.0,5277.0,3457.5333333333333,1161.255317595447,1151.0,5277.0,2097.0,0.7537742631200575,0.3725383212366983,4430.1320000000005,60.4996,0.0,0,616,379456,pct_change_7
2025-11-27,498.0,300.28,0.9571,0.0058,A,A - Daily,11/27/25 Thu,3,Thursday,11,November,27,48,4,Q4,0,0,0,0,0,0,0.43388373911755823,-0.900968867902419,-0.5000000000000004,0.8660254037844384,0,0,0.0,1.0,0,0.0,1.0,3825.0,4292.0,4444.0,4402.0,4029.0,3919.0,4257.333333333333,416.0845266689879,3825.0,4655.0,3744.8571428571427,1130.9228427220223,1457.0,4655.0,3793.4285714285716,1130.6430923141882,1415.0,4864.0,3783.733333333333,1075.9654504558798,1415.0,5157.0,-3946.0,-0.8879387938793879,0.3019935873599663,476.63579999999996,2.8884,0.0,0,696,484416,pct_change_7
2025-12-01,7090.0,335.76,0.9034,0.013,A,A - Daily,12/01/25 Mon,0,Monday,12,December,1,49,4,Q4,0,1,0,1,0,1,0.0,1.0,-2.4492935982947064e-16,1.0,0,0,0.0,1.0,0,0.0,1.0,1708.0,3864.0,4655.0,4864.0,5019.0,5157.0,3791.3333333333335,2047.9671221319363,1708.0,5802.0,3520.5714285714284,1812.8669612102258,498.0,5802.0,3692.214285714286,1483.6266469272227,498.0,5802.0,3678.7,1342.9753932580325,498.0,5802.0,2435.0,0.523093447905478,0.5149354296571815,6405.106,92.17,0.0,0,700,490000,pct_change_7
2025-12-04,5121.0,330.38,0.943,0.0066,A,A - Daily,12/04/25 Thu,3,Thursday,12,December,4,49,4,Q4,0,0,0,0,0,0,0.43388373911755823,-0.900968867902419,-2.4492935982947064e-16,1.0,0,0,0.0,1.0,0,0.0,1.0,5343.0,5783.0,498.0,4444.0,4402.0,4029.0,6072.0,908.6489971380581,5343.0,7090.0,4298.285714285715,2404.5438038767147,498.0,7090.0,4021.5714285714284,1827.9222216362596,498.0,7090.0,3968.2,1449.5156242095466,498.0,7090.0,4623.0,5.0,0.5594192577485044,4829.103,33.7986,0.0,0,703,494209,pct_change_7
2025-12-25,290.0,254.13,0.9161,0.0138,A,A - Daily,12/25/25 Thu,3,Thursday,12,December,25,52,4,Q4,0,0,0,0,0,0,0.43388373911755823,-0.900968867902419,-2.4492935982947064e-16,1.0,0,0,0.0,1.0,0,0.0,1.0,3276.0,4997.0,5070.0,5517.0,5121.0,498.0,4539.666666666667,1108.192371988436,3276.0,5346.0,4246.571428571428,1237.7735195560945,1956.0,5346.0,4450.642857142857,1224.6299665388929,1956.0,5530.0,4425.766666666666,1518.618489315846,498.0,7090.0,-4780.0,-0.9428007889546351,0.2914759684078807,265.669,4.002,0.0,0,724,524176,pct_change_7
2024-01-08,13645.0,343.62,0.8764,0.0144,B,B - Daily,01/08/24 Mon,0,Monday,1,January,8,2,1,Q1,0,1,0,0,0,0,0.0,1.0,0.49999999999999994,0.8660254037844387,0,0,0.0,1.0,0,0.0,1.0,5082.0,8264.0,4406.0,,,,8785.333333333334,3989.6287212387747,5082.0,13010.0,10327.857142857143,4362.852905633019,4406.0,14914.0,,,,,,,,,9239.0,2.096913300045393,0.4224354428305019,11958.478,196.488,0.0,0,7,49,pct_change_7
2024-03-31,2232.0,310.1,0.8758,0.0123,B,B - Daily,03/31/24 Sun,6,Sunday,3,March,31,13,1,Q1,1,0,1,0,1,0,-0.7818314824680299,0.6234898018587334,1.0,6.123233995736766e-17,0,0,0.0,1.0,0,0.0,1.0,7230.0,10104.0,4417.0,4807.0,4416.0,5173.0,9260.0,1766.328395287803,7230.0,10446.0,9317.857142857143,2603.38660393031,4417.0,12048.0,9307.357142857143,2369.1935858542124,4417.0,12048.0,9223.666666666666,2260.952428747112,4416.0,12048.0,-2185.0,-0.494679646819108,0.2793975657725131,1954.7856000000002,27.4536,4417.0,0,90,8100,pct_change_7
2024-04-07,4791.0,357.03,0.8767,0.0156,B,B - Daily,04/07/24 Sun,6,Sunday,4,April,7,14,2,Q2,1,0,1,0,0,0,-0.7818314824680299,0.6234898018587334,0.8660254037844387,-0.49999999999999983,0,0,0.0,1.0,0,0.0,1.0,8281.0,12811.0,2232.0,4417.0,4807.0,4416.0,11171.0,2510.3983747604657,8281.0,12811.0,10732.285714285714,4154.241676258365,2232.0,13904.0,10025.07142857143,3410.5515336578987,2232.0,13904.0,9475.7,2834.6452329262856,2232.0,13904.0,2559.0,1.146505376344086,0.38707893051418363,4200.2697,74.7396,2232.0,0,97,9409,pct_change_7
2024-06-03,13735.0,331.78,0.9582,0.0068,B,B - Daily,06/03/24 Mon,0,Monday,6,June,3,23,2,Q2,0,1,0,1,0,0,0.0,1.0,1.2246467991473532e-16,-1.0,0,0,0.0,1.0,0,0.0,1.0,5200.0,7528.0,6576.0,12003.0,11156.0,13002.0,7807.0,2757.107723684371,5200.0,10693.0,8885.42857142857,2441.6433576004188,5200.0,11555.0,9006.0,2468.145208295239,3996.0,12003.0,9175.1,2665.568728213095,3996.0,13002.0,7159.0,1.0886557177615572,0.27479185027176006,13160.877,93.398,0.0,0,154,23716,pct_change_7
2024-07-04,4858.0,342.55,0.8295,0.0194,B,B - Daily,07/04/24 Thu,3,Thursday,7,July,4,27,3,Q3,0,0,0,0,0,0,0.43388373911755823,-0.900968867902419,-0.4999999999999998,-0.8660254037844388,0,0,0.0,1.0,0,0.0,1.0,11564.0,11789.0,11070.0,11249.0,10119.0,10749.0,12297.333333333334,1081.1837648306207,11564.0,13539.0,9985.285714285714,3149.0017314637807,4466.0,13539.0,9922.714285714286,2872.4126934197075,4466.0,13539.0,9853.766666666666,2707.255101584899,3861.0,13539.0,-6212.0,-0.5611562782294489,0.3153642090539861,4029.7110000000002,94.2452,0.0,0,185,34225,pct_change_7
2024-07-11,11376.0,335.15,0.8201,0.0224,B,B - Daily,07/11/24 Thu,3,Thursday,7,July,11,28,3,Q3,0,0,0,0,0,0,0.43388373911755823,-0.900968867902419,-0.4999999999999998,-0.8660254037844388,0,0,0.0,1.0,0,0.0,1.0,11288.0,12003.0,4858.0,11070.0,11249.0,10119.0,12385.333333333334,1330.3632336070161,11288.0,13865.0,9423.857142857143,3731.724687441065,4733.0,13865.0,9704.57142857143,3329.992994085621,4466.0,13865.0,9731.966666666667,2911.081011243586,3861.0,13865.0,6518.0,1.3417044051049816,0.3959869754890696,9329.4576,254.8224,0.0,0,192,36864,pct_change_7
2024-09-02,4494.0,318.5,0.8756,0.0037,B,B - Daily,09/02/24 Mon,0,Monday,9,September,2,36,3,Q3,0,1,0,1,0,0,0.0,1.0,-1.0,-1.8369701987210297e-16,0,0,0.0,1.0,0,0.0,1.0,4494.0,6918.0,10563.0,10811.0,11125.0,13735.0,7124.333333333333,2739.3342865253494,4494.0,9961.0,8654.42857142857,2208.409899840658,4494.0,10563.0,8736.357142857143,2165.464121761736,4494.0,10811.0,8904.933333333332,2387.3866383389827,4342.0,13735.0,-6069.0,-0.5745526838966203,0.2551768590628185,3934.9464000000003,16.6278,0.0,0,245,60025,pct_change_7
2024-09-03,4494.0,318.5,0.8756,0.047,B,B - Daily,09/03/24 Tue,1,Tuesday,9,September,3,36,3,Q3,0,0,0,1,0,0,0.7818314824680298,0.6234898018587336,-1.0,-1.8369701987210297e-16,0,0,0.0,1.0,0,0.0,1.0,4494.0,4494.0,10300.0,10138.0,9884.0,11490.0,5302.0,1399.497052515662,4494.0,6918.0,7787.428571428572,2505.5652627130244,4494.0,10300.0,8285.142857142857,2350.174849702844,4494.0,10563.0,8775.166666666666,2518.700610308375,4342.0,13735.0,-5806.0,-0.5636893203883495,0.3217448789072346,3934.9464000000003,211.218,0.0,0,246,60516,pct_change_7
2024-09-04,4494.0,318.5,0.8756,0.0265,B,B - Daily,09/04/24 Wed,2,Wednesday,9,September,4,36,3,Q3,0,0,0,0,0,0,0.9749279121818236,-0.22252093395631434,-1.0,-1.8369701987210297e-16,0,0,0.0,1.0,0,0.0,1.0,4494.0,4494.0,9587.0,9962.0,10032.0,10664.0,4494.0,0.0,4494.0,4494.0,6958.0,2496.168330328144,4494.0,9961.0,7882.0,2487.932876908048,4494.0,10563.0,8741.633333333333,2569.983677438208,4342.0,13735.0,-5093.0,-0.531240221132784,0.3587479635424179,3934.9464000000003,119.091,0.0,0,247,61009,pct_change_7
2024-09-05,4494.0,318.5,0.8756,0.0284,B,B - Daily,09/05/24 Thu,3,Thursday,9,September,5,36,3,Q3,0,0,0,0,0,0,0.43388373911755823,-0.900968867902419,-1.0,-1.8369701987210297e-16,0,0,0.0,1.0,0,0.0,1.0,4494.0,4494.0,8758.0,9427.0,9752.0,10556.0,4494.0,0.0,4494.0,4494.0,6230.428571428572,2339.4896777675212,4494.0,9961.0,7491.428571428572,2564.311714949749,4494.0,10563.0,8433.6,2503.802688601527,4342.0,11490.0,-4264.0,-0.4868691482073533,0.3754941816516325,3934.9464000000003,127.62960000000001,0.0,0,248,61504,pct_change_7
2024-09-06,4494.0,318.5,0.8756,0.0184,B,B - Daily,09/06/24 Fri,4,Friday,9,September,6,36,3,Q3,0,0,0,0,0,0,-0.433883739117558,-0.9009688679024191,-1.0,-1.8369701987210297e-16,0,0,0.0,1.0,0,0.0,1.0,4494.0,4494.0,9961.0,10178.0,9956.0,10462.0,4494.0,0.0,4494.0,4494.0,5621.285714285715,2116.146396501993,4494.0,9961.0,7139.071428571428,2616.280285628239,4494.0,10563.0,8200.4,2534.9230363070105,4342.0,11125.0,-5467.0,-0.5488404778636683,0.37645238190332536,3934.9464000000003,82.6896,0.0,0,249,62001,pct_change_7
2024-09-12,9470.0,334.47,0.8249,0.0196,B,B - Daily,09/12/24 Thu,3,Thursday,9,September,12,37,3,Q3,0,0,0,0,0,0,0.43388373911755823,-0.900968867902419,-1.0,-1.8369701987210297e-16,0,0,0.0,1.0,0,0.0,1.0,4494.0,4494.0,4494.0,8758.0,9427.0,9752.0,4494.0,0.0,4494.0,4494.0,4494.0,0.0,4494.0,4494.0,5362.214285714285,1826.986092261954,4494.0,9961.0,7273.4,2656.2492690465406,4342.0,10811.0,4976.0,1.107254116599911,0.0,7811.803,185.612,0.0,0,255,65025,pct_change_7
2024-09-13,9247.0,323.5,0.8177,0.0232,B,B - Daily,09/13/24 Fri,4,Friday,9,September,13,37,3,Q3,0,0,0,0,0,0,-0.433883739117558,-0.9009688679024191,-1.0,-1.8369701987210297e-16,0,0,0.0,1.0,0,0.0,1.0,9470.0,4494.0,4494.0,9961.0,10178.0,9956.0,6152.666666666667,2872.8949394875813,4494.0,9470.0,5204.857142857143,1880.751217693856,4494.0,9470.0,5413.071428571428,1935.4734846775953,4494.0,9961.0,7259.6,2643.262425162473,4342.0,10811.0,4753.0,1.057632398753894,0.36134540604536947,7561.2719,214.5304,0.0,0,256,65536,pct_change_7
2024-09-14,6890.0,311.43,0.8725,0.0165,B,B - Daily,09/14/24 Sat,5,Saturday,9,September,14,37,3,Q3,1,0,0,0,0,0,-0.9749279121818236,-0.2225209339563146,-1.0,-1.8369701987210297e-16,0,0,0.0,1.0,0,0.0,1.0,9247.0,9470.0,4494.0,6918.0,6535.0,6987.0,7737.0,2810.732822592715,4494.0,9470.0,5883.857142857143,2374.5057330295676,4494.0,9470.0,5362.071428571428,1811.8772442832799,4494.0,9470.0,7233.433333333333,2618.6418391236957,4342.0,10811.0,2396.0,0.5331553182020472,0.40356277784754835,6011.525000000001,113.685,4494.0,0,257,66049,pct_change_7
2024-09-16,10854.0,294.7,0.9852,0.0056,B,B - Daily,09/16/24 Mon,0,Monday,9,September,16,38,3,Q3,0,1,0,0,0,0,0.0,1.0,-1.0,-1.8369701987210297e-16,0,0,0.0,1.0,0,0.0,1.0,4298.0,6890.0,4494.0,4494.0,10563.0,10811.0,6811.666666666667,2475.4297270036477,4298.0,9247.0,6198.142857142857,2338.1651230948096,4298.0,9470.0,5346.071428571428,1817.9967193118073,4298.0,9470.0,6949.433333333333,2569.18580532798,4298.0,10811.0,6360.0,1.4152202937249667,0.377236404030324,10693.3608,60.7824,0.0,0,259,67081,pct_change_7
2024-09-17,10294.0,332.22,0.8711,0.0153,B,B - Daily,09/17/24 Tue,1,Tuesday,9,September,17,38,3,Q3,0,0,0,0,0,0,0.7818314824680298,0.6234898018587336,-1.0,-1.8369701987210297e-16,0,0,0.0,1.0,0,0.0,1.0,10854.0,4298.0,4494.0,4494.0,10300.0,10138.0,7347.333333333333,3301.840294946645,4298.0,10854.0,7106.714285714285,2762.742762442503,4298.0,10854.0,5800.357142857143,2315.307775093092,4298.0,10854.0,7078.333333333333,2666.306554707859,4298.0,10854.0,5800.0,1.2906097018246552,0.3887510671416874,8967.1034,157.4982,0.0,0,260,67600,pct_change_7
2024-09-18,9981.0,332.82,0.8365,0.0187,B,B - Daily,09/18/24 Wed,2,Wednesday,9,September,18,38,3,Q3,0,0,0,0,0,0,0.9749279121818236,-0.22252093395631434,-1.0,-1.8369701987210297e-16,0,0,0.0,1.0,0,0.0,1.0,10294.0,10854.0,4494.0,4494.0,9587.0,9962.0,8482.0,3634.252605419717,4298.0,10854.0,7935.285714285715,2717.943015976445,4298.0,10854.0,6214.642857142857,2568.625061933163,4298.0,10854.0,7276.733333333334,2677.097269152857,4298.0,10854.0,5487.0,1.2209612817089452,0.34251356710236586,8349.1065,186.6447,0.0,0,261,68121,pct_change_7
2024-11-28,1140.0,288.72,0.9739,0.0065,B,B - Daily,11/28/24 Thu,3,Thursday,11,November,28,48,4,Q4,0,0,0,0,1,0,0.43388373911755823,-0.900968867902419,-0.5000000000000004,0.8660254037844384,0,0,0.0,1.0,0,0.0,1.0,10294.0,10805.0,10987.0,11200.0,10939.0,9070.0,11117.333333333334,1016.1615685181637,10294.0,12253.0,10026.857142857143,2192.5819960776403,5605.0,12253.0,9925.714285714286,2224.4290686193312,5232.0,12253.0,9853.966666666667,2094.1457230086417,5232.0,12755.0,-9847.0,-0.8962410121052152,0.21867091201549385,1110.246,7.409999999999999,0.0,0,332,110224,pct_change_7
2024-12-05,13248.0,324.64,0.8951,0.013,B,B - Daily,12/05/24 Thu,3,Thursday,12,December,5,49,4,Q4,0,0,0,0,0,0,0.43388373911755823,-0.900968867902419,-2.4492935982947064e-16,1.0,0,0,0.0,1.0,0,0.0,1.0,12987.0,14486.0,1140.0,10987.0,11200.0,10939.0,14646.666666666666,1745.554448687643,12987.0,16467.0,10806.714285714286,5354.510799761444,1140.0,16467.0,10416.785714285714,3951.609510032616,1140.0,16467.0,10146.8,3063.7890491890953,1140.0,16467.0,12108.0,5.0,0.495480000506697,11858.2848,172.224,0.0,0,339,114921,pct_change_7
2024-12-25,716.0,327.76,0.8773,0.0116,B,B - Daily,12/25/24 Wed,2,Wednesday,12,December,25,52,4,Q4,0,0,0,0,0,0,0.9749279121818236,-0.22252093395631434,-2.4492935982947064e-16,1.0,0,0,0.0,1.0,0,0.0,1.0,7991.0,13590.0,12396.0,12672.0,12987.0,10294.0,9616.0,3460.570906656876,7267.0,13590.0,10701.57142857143,2371.730511472086,7267.0,13590.0,11072.285714285714,2182.1549133675317,7267.0,13590.0,11032.666666666666,3072.7357835326957,1140.0,16467.0,-11680.0,-0.9422394320748628,0.22162450882119583,628.1468,8.3056,0.0,0,359,128881,pct_change_7
2024-12-26,716.0,327.76,0.8773,0.0116,B,B - Daily,12/26/24 Thu,3,Thursday,12,December,26,52,4,Q4,0,0,0,0,0,0,0.43388373911755823,-0.900968867902419,-2.4492935982947064e-16,1.0,0,0,0.0,1.0,0,0.0,1.0,716.0,7991.0,11604.0,12470.0,13248.0,1140.0,7432.333333333333,6455.156879064472,716.0,13590.0,9033.0,4303.143579601613,716.0,13590.0,10218.285714285714,3468.3907247858047,716.0,13590.0,10648.1,3592.6990271938985,716.0,16467.0,-10888.0,-0.9382971389176146,0.4763803364996804,628.1468,8.3056,0.0,0,360,129600,pct_change_7
2024-12-27,716.0,327.76,0.8773,0.0116,B,B - Daily,12/27/24 Fri,4,Friday,12,December,27,52,4,Q4,0,0,0,0,0,0,-0.433883739117558,-0.9009688679024191,-2.4492935982947064e-16,1.0,0,0,0.0,1.0,0,0.0,1.0,716.0,716.0,12118.0,11852.0,12372.0,14038.0,3141.0,4200.223208354545,716.0,7991.0,7477.571428571428,5110.923101787071,716.0,13590.0,9378.714285714286,4222.116119610224,716.0,13590.0,10311.8,4023.8348701293576,716.0,16467.0,-11402.0,-0.9409143423007097,0.6835004052597194,628.1468,8.3056,0.0,0,361,130321,pct_change_7
2025-01-01,4185.0,327.76,0.8773,0.007,B,B - Daily,01/01/25 Wed,2,Wednesday,1,January,1,1,1,Q1,0,0,0,1,0,1,0.9749279121818236,-0.22252093395631434,0.49999999999999994,0.8660254037844387,0,0,0.0,1.0,0,0.0,1.0,8900.0,12031.0,716.0,12396.0,12672.0,12987.0,8493.666666666666,3757.0161476008266,4550.0,12031.0,5114.857142857143,4652.843375420039,716.0,12031.0,7908.214285714285,4581.603350164841,716.0,13590.0,10057.5,4115.262104611947,716.0,16467.0,3469.0,4.844972067039106,0.9096722050033591,3671.5004999999996,29.295,0.0,0,366,133956,pct_change_7
2025-01-02,13608.0,327.76,0.8773,0.0115,B,B - Daily,01/02/25 Thu,3,Thursday,1,January,2,1,1,Q1,0,0,0,1,0,0,0.43388373911755823,-0.900968867902419,0.49999999999999994,0.8660254037844387,0,0,0.0,1.0,0,0.0,1.0,4185.0,8900.0,716.0,11604.0,12470.0,13248.0,8372.0,3949.5590893161766,4185.0,12031.0,5610.428571428572,4275.692180109241,716.0,12031.0,7321.714285714285,4487.5084131666745,716.0,13590.0,9648.1,4066.271691908174,716.0,14486.0,12892.0,5.0,0.7620972490200567,11938.2984,156.492,0.0,0,367,134689,pct_change_7
2025-01-03,13256.0,327.76,0.8773,0.0054,B,B - Daily,01/03/25 Fri,4,Friday,1,January,3,1,1,Q1,0,0,0,1,0,0,-0.433883739117558,-0.9009688679024191,0.49999999999999994,0.8660254037844387,0,0,0.0,1.0,0,0.0,1.0,13608.0,4185.0,716.0,12118.0,11852.0,12372.0,8897.666666666666,4711.500433336852,4185.0,13608.0,7452.142857142857,4581.695444140408,716.0,13608.0,7464.857142857143,4663.137535000399,716.0,13608.0,9618.833333333334,4033.2763876952695,716.0,13608.0,12540.0,5.0,0.6148158364609001,11629.4888,71.5824,0.0,0,368,135424,pct_change_7
2025-01-08,11943.0,346.24,0.898,0.0144,B,B - Daily,01/08/25 Wed,2,Wednesday,1,January,8,2,1,Q1,0,0,0,0,0,0,0.9749279121818236,-0.22252093395631434,0.49999999999999994,0.8660254037844387,0,0,0.0,1.0,0,0.0,1.0,11916.0,12566.0,4185.0,716.0,12396.0,12672.0,9874.333333333334,4112.050380690068,5141.0,12566.0,9829.0,3970.4574043805055,4185.0,13608.0,7471.928571428572,4821.920307931673,716.0,13608.0,9510.966666666667,4064.5703296126867,716.0,13608.0,7758.0,1.853763440860215,0.4039533425964498,10724.814,171.9792,0.0,0,373,139129,pct_change_7
2025-04-27,4072.0,332.38,0.9437,0.0069,B,B - Daily,04/27/25 Sun,6,Sunday,4,April,27,17,2,Q2,1,0,1,0,0,0,-0.7818314824680299,0.6234898018587334,0.8660254037844387,-0.49999999999999983,0,0,0.0,1.0,0,0.0,1.0,6159.0,8852.0,2388.0,3886.0,4054.0,3643.0,7829.333333333333,1458.6522317994004,6159.0,8852.0,7752.857142857143,2647.0728127859165,2388.0,9800.0,7815.857142857143,2293.33606035274,2388.0,9800.0,7912.166666666667,2147.2600838780677,2388.0,10208.0,1684.0,0.7051926298157454,0.3414319087801993,3842.7464,28.096799999999998,2388.0,0,482,232324,pct_change_7
2025-06-02,10900.0,336.33,0.9174,0.0104,B,B - Daily,06/02/25 Mon,0,Monday,6,June,2,23,2,Q2,0,1,0,1,0,0,0.0,1.0,1.2246467991473532e-16,-1.0,0,0,0.0,1.0,0,0.0,1.0,4235.0,6279.0,5494.0,9698.0,9774.0,11371.0,6625.0,2580.456548752581,4235.0,9361.0,7667.428571428572,2284.0804756066455,4235.0,9931.0,7774.214285714285,2135.745633751326,3935.0,9931.0,7761.466666666666,2189.709786050742,3358.0,11371.0,5406.0,0.9839825263924281,0.29789393593021535,9999.66,113.36,0.0,0,518,268324,pct_change_7
2025-06-15,6491.0,300.35,0.913,0.0218,B,B - Daily,06/15/25 Sun,6,Sunday,6,June,15,24,2,Q2,1,0,1,0,0,1,-0.7818314824680299,0.6234898018587334,1.2246467991473532e-16,-1.0,0,0,0.0,1.0,0,0.0,1.0,6491.0,8477.0,4099.0,4235.0,3935.0,3930.0,7777.666666666667,1115.6923112280424,6491.0,8477.0,8020.428571428572,2072.4606837559472,4099.0,10145.0,8276.642857142857,2207.689206357653,4099.0,10900.0,7963.333333333333,2119.2950899204375,3930.0,10900.0,2392.0,0.5835569651134423,0.25839774836206886,5926.283,141.5038,4099.0,0,531,281961,pct_change_7
2025-06-23,10537.0,353.44,0.8375,0.0169,B,B - Daily,06/23/25 Mon,0,Monday,6,June,23,26,2,Q2,0,1,0,0,0,0,0.0,1.0,1.2246467991473532e-16,-1.0,0,0,0.0,1.0,0,0.0,1.0,6491.0,6491.0,6491.0,10145.0,10900.0,5494.0,6491.0,0.0,6491.0,6491.0,6491.0,0.0,6491.0,6491.0,7426.571428571428,1363.503502818284,6491.0,10145.0,7566.133333333333,2001.8832294536478,3935.0,10900.0,4046.0,0.6233246032968726,0.0,8824.737500000001,178.07529999999997,0.0,0,539,290521,pct_change_7
2025-07-04,4225.0,336.54,0.8206,0.0315,B,B - Daily,07/04/25 Fri,4,Friday,7,July,4,27,3,Q3,0,0,0,0,0,0,-0.433883739117558,-0.9009688679024191,-0.4999999999999998,-0.8660254037844388,0,0,0.0,1.0,0,0.0,1.0,9631.0,9446.0,8513.0,6491.0,8477.0,9019.0,9811.666666666666,482.0957719512755,9446.0,10358.0,8231.57142857143,2481.4893953123224,3606.0,10358.0,8182.571428571428,2027.8965120873934,3606.0,10537.0,7909.266666666666,1864.429096927856,3606.0,10537.0,-4288.0,-0.5037002231880653,0.30145998450541045,3467.035,133.0875,0.0,0,550,302500,pct_change_7
2025-07-11,8999.0,333.69,0.8809,0.0206,B,B - Daily,07/11/25 Fri,4,Friday,7,July,11,28,3,Q3,0,0,0,0,0,0,-0.433883739117558,-0.9009688679024191,-0.4999999999999998,-0.8660254037844388,0,0,0.0,1.0,0,0.0,1.0,9242.0,9843.0,4225.0,8513.0,6491.0,8477.0,9777.0,505.24350564847583,9242.0,10246.0,7857.0,2946.813985759287,4076.0,11100.0,8044.285714285715,2624.442458843433,3606.0,11100.0,7824.566666666667,2044.4709067398592,3606.0,11100.0,4774.0,1.1299408284023669,0.37505587193067164,7927.2191,185.3794,0.0,0,557,310249,pct_change_7
2025-09-08,10918.0,358.11,0.8798,0.0197,B,B - Daily,09/08/25 Mon,0,Monday,9,September,8,37,3,Q3,0,1,0,0,0,0,0.0,1.0,-1.0,-1.8369701987210297e-16,0,0,0.0,1.0,0,0.0,1.0,3944.0,6831.0,5837.0,10409.0,10515.0,10926.0,6967.666666666667,3094.264425244456,3944.0,10128.0,8374.285714285714,2828.4744836681507,3944.0,11231.0,8065.5,2500.3628582821484,3483.0,11231.0,8010.466666666666,2311.587284683966,3483.0,11231.0,5081.0,0.8704814116840843,0.33775710313335133,9605.6564,215.0846,0.0,0,616,379456,pct_change_7
2025-11-27,1139.0,330.84,0.9553,0.0055,B,B - Daily,11/27/25 Thu,3,Thursday,11,November,27,48,4,Q4,0,0,0,0,0,0,0.43388373911755823,-0.900968867902419,-0.5000000000000004,0.8660254037844384,0,0,0.0,1.0,0,0.0,1.0,8880.0,9971.0,9641.0,9256.0,9482.0,8334.0,9814.333333333334,866.685833121386,8880.0,10592.0,8788.57142857143,1901.4012251620004,5176.0,10592.0,8640.285714285714,1990.8809193833765,4437.0,10938.0,8659.766666666666,1892.789142187154,4437.0,11351.0,-8502.0,-0.8818587283476818,0.21634929415042264,1088.0867,6.2645,0.0,0,696,484416,pct_change_7
2025-12-04,11873.0,363.22,0.9464,0.0113,B,B - Daily,12/04/25 Thu,3,Thursday,12,December,4,49,4,Q4,0,0,0,0,0,0,0.43388373911755823,-0.900968867902419,-2.4492935982947064e-16,1.0,0,0,0.0,1.0,0,0.0,1.0,12181.0,12854.0,1139.0,9641.0,9256.0,9482.0,13185.666666666666,1205.2270878690092,12181.0,14522.0,9832.285714285714,4797.773605687179,1139.0,14522.0,9310.42857142857,3547.658354774001,1139.0,14522.0,9028.8,2777.1590221812558,1139.0,14522.0,10734.0,5.0,0.4879611664169101,11236.6072,134.1649,0.0,0,703,494209,pct_change_7
2025-12-25,767.0,289.44,0.9893,0.0209,B,B - Daily,12/25/25 Thu,3,Thursday,12,December,25,52,4,Q4,0,0,0,0,0,0,0.43388373911755823,-0.900968867902419,-2.4492935982947064e-16,1.0,0,0,0.0,1.0,0,0.0,1.0,7474.0,11557.0,10806.0,11122.0,11873.0,1139.0,10336.0,2487.44507477049,7474.0,11977.0,9805.285714285714,2136.1207608096247,6384.0,11977.0,10096.214285714286,2006.2375493434415,6384.0,12359.0,10096.0,2835.6753133528273,1139.0,14522.0,-10039.0,-0.9290209143068665,0.21785400477391748,758.7931,16.0303,0.0,0,724,524176,pct_change_7
2024-01-08,26843.0,372.41,0.8165,0.0174,C,C - Daily,01/08/24 Mon,0,Monday,1,January,8,2,1,Q1,0,1,0,0,0,0,0.0,1.0,0.49999999999999994,0.8660254037844387,0,0,0.0,1.0,0,0.0,1.0,10227.0,15373.0,8059.0,,,,17185.333333333332,8019.586917873848,10227.0,25956.0,21036.14285714286,9550.091647528334,8059.0,30738.0,,,,,,,,,18784.0,2.330810274227572,0.4539849207330128,21917.3095,467.0682,0.0,0,7,49,pct_change_7
2024-04-07,10086.0,341.6,0.8572,0.0117,C,C - Daily,04/07/24 Sun,6,Sunday,4,April,7,14,2,Q2,1,0,1,0,0,0,-0.7818314824680299,0.6234898018587334,0.8660254037844387,-0.49999999999999983,0,0,0.0,1.0,0,0.0,1.0,15682.0,23967.0,5386.0,9721.0,10269.0,10137.0,21923.333333333332,5511.407291548449,15682.0,26121.0,21980.85714285714,8540.186637862414,5386.0,29720.0,20884.35714285714,7121.300060729439,5386.0,29720.0,21011.833333333332,6298.933161358704,5386.0,29720.0,4700.0,0.8726327515781657,0.3885283718627696,8645.7192,118.0062,5386.0,0,97,9409,pct_change_7
2024-05-05,16820.0,351.65,0.9428,0.0048,C,C - Daily,05/05/24 Sun,6,Sunday,5,May,5,18,2,Q2,1,0,1,0,0,0,-0.7818314824680299,0.6234898018587334,0.49999999999999994,-0.8660254037844387,0,0,0.0,1.0,0,0.0,1.0,16820.0,26168.0,10148.0,10505.0,10515.0,10086.0,22795.0,5188.841778277699,16820.0,26168.0,22522.0,6515.940735355608,10148.0,27653.0,21486.428571428572,5984.66079900281,10148.0,27653.0,21021.266666666666,5585.611484034194,10086.0,27653.0,6672.0,0.6574694521087899,0.2893144807457423,15857.895999999999,80.73599999999999,10148.0,0,125,15625,pct_change_7
2024-05-12,8162.0,346.05,0.8539,0.0197,C,C - Daily,05/12/24 Sun,6,Sunday,5,May,12,19,2,Q2,1,0,1,0,0,0,-0.7818314824680299,0.6234898018587334,0.49999999999999994,-0.8660254037844387,0,0,0.0,1.0,0,0.0,1.0,16820.0,16820.0,16820.0,10148.0,10505.0,10515.0,16820.0,0.0,16820.0,16820.0,16820.0,0.0,16820.0,16820.0,19671.0,5324.397517379501,10148.0,27653.0,20115.133333333335,5299.41959563259,10148.0,27653.0,-8658.0,-0.51474435196195,0.0,6969.5318,160.79139999999998,16820.0,0,132,17424,pct_change_7
2024-05-13,26132.0,346.11,0.6108,0.0302,C,C - Daily,05/13/24 Mon,0,Monday,5,May,13,20,2,Q2,0,1,0,0,0,0,0.0,1.0,0.49999999999999994,-0.8660254037844387,0,0,0.0,1.0,0,0.0,1.0,8162.0,16820.0,16820.0,26280.0,26933.0,26959.0,13934.0,4998.6986306437875,8162.0,16820.0,15583.142857142857,3272.416407313861,8162.0,16820.0,19529.14285714286,5616.1000683768125,8162.0,27653.0,19611.033333333333,5692.2131656314905,8162.0,27653.0,9312.0,0.5536266349583828,0.20999720257418297,15961.4256,789.1864,0.0,0,133,17689,pct_change_7
2024-05-15,25217.0,322.79,0.9411,0.0063,C,C - Daily,05/15/24 Wed,2,Wednesday,5,May,15,20,2,Q2,0,0,0,0,0,1,0.9749279121818236,-0.22252093395631434,0.49999999999999994,-0.8660254037844387,0,0,0.0,1.0,0,0.0,1.0,24354.0,26132.0,16820.0,27653.0,23098.0,23809.0,19549.333333333332,9901.709010738168,8162.0,26132.0,17989.714285714286,5899.969539872933,8162.0,26132.0,19459.0,5541.722115010826,8162.0,27653.0,20440.633333333335,5511.017732427143,8162.0,27653.0,8397.0,0.4992271105826397,0.32796349325892993,23731.7187,158.8671,0.0,0,135,18225,pct_change_7
2024-05-27,12426.0,325.84,0.956,0.0041,C,C - Daily,05/27/24 Mon,0,Monday,5,May,27,22,2,Q2,0,1,0,0,0,0,0.0,1.0,0.49999999999999994,-0.8660254037844387,0,0,0.0,1.0,0,0.0,1.0,8720.0,14687.0,26363.0,26132.0,16820.0,26280.0,15188.333333333334,6733.012871912056,8720.0,22158.0,20444.571428571428,6340.767194831199,8720.0,26363.0,20763.0,6036.355599455438,8720.0,26363.0,19631.0,5919.349888581368,8162.0,27653.0,-13937.0,-0.5286575882866138,0.31014429512422714,11879.256,50.946600000000004,0.0,0,147,21609,pct_change_7
2024-06-03,30859.0,333.82,0.9607,0.0033,C,C - Daily,06/03/24 Mon,0,Monday,6,June,3,23,2,Q2,0,1,0,1,0,0,0.0,1.0,1.2246467991473532e-16,-1.0,0,0,0.0,1.0,0,0.0,1.0,11620.0,17543.0,12426.0,26363.0,26132.0,16820.0,18063.333333333332,6718.628753944767,11620.0,25027.0,19856.85714285714,5977.828073488762,11620.0,25849.0,20150.714285714286,5928.078368481412,8720.0,26363.0,19080.066666666666,5546.164085597162,8162.0,26363.0,18433.0,1.4834218573957831,0.3010460331401987,29646.2413,101.8347,0.0,0,154,23716,pct_change_7
2024-07-04,10669.0,342.87,0.9325,0.0066,C,C - Daily,07/04/24 Thu,3,Thursday,7,July,4,27,3,Q3,0,0,0,0,0,0,0.43388373911755823,-0.900968867902419,-0.4999999999999998,-0.8660254037844388,0,0,0.0,1.0,0,0.0,1.0,25057.0,25366.0,22647.0,24554.0,22778.0,23898.0,26755.666666666668,2679.033843260188,25057.0,29844.0,21564.714285714286,6558.481778437382,10436.0,29844.0,21395.5,5990.147458696086,10436.0,29844.0,21415.833333333332,5840.883229640768,8648.0,29844.0,-11978.0,-0.52890007506513,0.3041302421883743,9948.8425,70.4154,0.0,0,185,34225,pct_change_7
2024-07-11,22718.0,343.63,0.7426,0.0212,C,C - Daily,07/11/24 Thu,3,Thursday,7,July,11,28,3,Q3,0,0,0,0,0,0,0.43388373911755823,-0.900968867902419,-0.4999999999999998,-0.8660254037844388,0,0,0.0,1.0,0,0.0,1.0,23820.0,24988.0,10669.0,22647.0,24554.0,22778.0,25446.333333333332,1897.4805225175437,23820.0,27531.0,19224.285714285714,7319.533630732793,10079.0,27531.0,20394.5,6786.338967140027,10079.0,29844.0,20856.433333333334,6092.81732966315,8648.0,29844.0,12049.0,1.129346705408192,0.3807441139565249,16870.3868,481.6216,0.0,0,192,36864,pct_change_7
2024-09-09,25596.0,315.69,0.9496,0.0091,C,C - Daily,09/09/24 Mon,0,Monday,9,September,9,37,3,Q3,0,1,0,0,0,0,0.0,1.0,-1.0,-1.8369701987210297e-16,0,0,0.0,1.0,0,0.0,1.0,9931.0,14810.0,14620.0,23706.0,25018.0,24663.0,15642.666666666666,6170.2823544254,9931.0,22187.0,20041.85714285714,6934.524194890638,9931.0,28572.0,19836.071428571428,5730.618445136296,9931.0,28572.0,19415.1,5601.803147817363,9865.0,28572.0,10976.0,0.7507523939808481,0.34600207682660195,24305.9616,232.92360000000002,0.0,0,252,63504,pct_change_7
2024-11-28,4617.0,303.16,0.8722,0.0128,C,C - Daily,11/28/24 Thu,3,Thursday,11,November,28,48,4,Q4,0,0,0,0,1,0,0.43388373911755823,-0.900968867902419,-0.5000000000000004,0.8660254037844384,0,0,0.0,1.0,0,0.0,1.0,20362.0,22639.0,22145.0,22691.0,22814.0,19779.0,22441.0,1987.4111300886202,20362.0,24322.0,19521.571428571428,4920.204530204757,10315.0,24322.0,19915.64285714286,5001.232349779757,10315.0,25016.0,19998.766666666666,4696.858874663546,10155.0,26664.0,-17528.0,-0.7915104989839693,0.2520393682551412,4026.9474,59.0976,0.0,0,332,110224,pct_change_7
2024-12-05,27916.0,325.7,0.9853,0.0026,C,C - Daily,12/05/24 Thu,3,Thursday,12,December,5,49,4,Q4,0,0,0,0,0,0,0.43388373911755823,-0.900968867902419,-2.4492935982947064e-16,1.0,0,0,0.0,1.0,0,0.0,1.0,27916.0,27916.0,4617.0,22145.0,22691.0,22814.0,28984.333333333332,1850.4076127527906,27916.0,31121.0,19935.714285714286,9646.297661353206,4617.0,31121.0,19728.64285714286,7359.750869604038,4617.0,31121.0,19982.333333333332,6018.290067231165,4617.0,31121.0,23299.0,5.0,0.4838701800750444,27505.6348,72.5816,0.0,0,339,114921,pct_change_7
2024-12-07,27916.0,350.65,0.8941,0.0066,C,C - Daily,12/07/24 Sat,5,Saturday,12,December,7,49,4,Q4,1,0,0,0,0,0,-0.9749279121818236,-0.2225209339563146,-2.4492935982947064e-16,1.0,0,0,0.0,1.0,0,0.0,1.0,27916.0,27916.0,15478.0,15453.0,15017.0,14642.0,27916.0,0.0,27916.0,27916.0,24434.285714285714,7179.935578037002,12777.0,31121.0,20605.214285714286,7936.201835004832,4617.0,31121.0,20381.833333333332,6335.2134933044745,4617.0,31121.0,12438.0,0.8035921953740793,0.29384675541545263,24959.6956,184.2456,15478.0,0,341,116281,pct_change_7
2024-12-08,27916.0,345.89,0.9072,0.0064,C,C - Daily,12/08/24 Sun,6,Sunday,12,December,8,49,4,Q4,1,0,1,0,0,0,-0.7818314824680299,0.6234898018587334,-2.4492935982947064e-16,1.0,0,0,0.0,1.0,0,0.0,1.0,27916.0,27916.0,12777.0,10315.0,10343.0,10155.0,27916.0,0.0,27916.0,27916.0,26211.14285714286,6043.11703313696,12777.0,31121.0,21495.428571428572,8012.444308835961,4617.0,31121.0,20551.9,6469.806591736937,4617.0,31121.0,15139.0,1.1848634264694373,0.2305552667456519,25325.3952,178.66240000000002,12777.0,0,342,116964,pct_change_7
2024-12-22,10218.0,341.54,0.9892,0.0017,C,C - Daily,12/22/24 Sun,6,Sunday,12,December,22,51,4,Q4,1,0,1,0,0,0,-0.7818314824680299,0.6234898018587334,-2.4492935982947064e-16,1.0,0,0,0.0,1.0,0,0.0,1.0,15030.0,21261.0,27916.0,27916.0,12777.0,10315.0,19202.666666666668,3613.743811248036,15030.0,21317.0,22816.285714285714,4425.903324531041,15030.0,27916.0,25366.14285714286,4005.347595732142,15030.0,27916.0,23097.666666666668,6465.834246696009,4617.0,31121.0,-17698.0,-0.6339733486172804,0.1939800097155997,10107.6456,17.3706,27916.0,0,356,126736,pct_change_7
2024-12-25,2980.0,328.13,0.8058,0.0123,C,C - Daily,12/25/24 Wed,2,Wednesday,12,December,25,52,4,Q4,0,0,0,0,0,0,0.9749279121818236,-0.22252093395631434,-2.4492935982947064e-16,1.0,0,0,0.0,1.0,0,0.0,1.0,12525.0,21749.0,23040.0,27916.0,27916.0,20362.0,14830.666666666666,6101.4805033969815,10218.0,21749.0,17877.14285714286,5169.519688474323,10218.0,23040.0,22562.14285714286,6116.9517780463975,10218.0,27916.0,23007.966666666667,6609.760580375427,4617.0,31121.0,-20060.0,-0.8706597222222222,0.2891692330135868,2401.284,36.654,0.0,0,359,128881,pct_change_7
2025-01-01,8051.0,311.42,0.977,0.0051,C,C - Daily,01/01/25 Wed,2,Wednesday,1,January,1,1,1,Q1,0,0,0,1,0,1,0.9749279121818236,-0.22252093395631434,0.49999999999999994,0.8660254037844387,0,0,0.0,1.0,0,0.0,1.0,18423.0,24280.0,2980.0,23040.0,27916.0,27916.0,17250.666666666668,7682.8779980768595,9049.0,24280.0,15895.857142857143,7562.954568786176,2980.0,24280.0,16886.5,6307.9468773676535,2980.0,24280.0,22719.666666666668,7052.775068079189,2980.0,31121.0,5071.0,1.7016778523489933,0.47578148827190586,7865.827,41.060100000000006,0.0,0,366,133956,pct_change_7
2025-01-08,21787.0,354.55,0.8347,0.0117,C,C - Daily,01/08/25 Wed,2,Wednesday,1,January,8,2,1,Q1,0,0,0,0,0,0,0.9749279121818236,-0.22252093395631434,0.49999999999999994,0.8660254037844387,0,0,0.0,1.0,0,0.0,1.0,22765.0,24129.0,8051.0,2980.0,23040.0,27916.0,18836.333333333332,8014.977562871494,9615.0,24129.0,18956.0,7569.851715852812,8051.0,26094.0,17425.928571428572,7440.953624412622,2980.0,26094.0,20522.166666666668,7211.14036647862,2980.0,27916.0,13736.0,1.7061234629238604,0.39933803101143767,18185.6089,254.9079,0.0,0,373,139129,pct_change_7
2025-04-27,8841.0,337.75,0.8942,0.006,C,C - Daily,04/27/25 Sun,6,Sunday,4,April,27,17,2,Q2,1,0,1,0,0,0,-0.7818314824680299,0.6234898018587334,0.8660254037844387,-0.49999999999999983,0,0,0.0,1.0,0,0.0,1.0,12973.0,20110.0,5287.0,9088.0,9941.0,8855.0,17632.666666666668,4038.084488137086,12973.0,20110.0,17811.0,6455.264828029899,5287.0,23594.0,18037.285714285714,5676.583580187748,5287.0,23594.0,18529.433333333334,5332.704267606359,5287.0,24424.0,3554.0,0.6722148666540572,0.3624313529857896,7905.6222,53.046,5287.0,0,482,232324,pct_change_7
2025-05-26,11190.0,345.64,0.8255,0.0293,C,C - Daily,05/26/25 Mon,0,Monday,5,May,26,22,2,Q2,0,1,0,0,0,0,0.0,1.0,0.49999999999999994,-0.8660254037844387,0,0,0.0,1.0,0,0.0,1.0,8208.0,12838.0,23467.0,22991.0,25870.0,22607.0,13555.0,5739.189576935059,8208.0,19619.0,18201.571428571428,5554.058571805618,8208.0,23467.0,18491.285714285714,5191.369501076116,8208.0,23467.0,18365.0,5564.603322603596,7235.0,25870.0,-12277.0,-0.5231601823837729,0.30514170678072794,9237.345,327.867,0.0,0,511,261121,pct_change_7
2025-06-02,25194.0,350.51,0.9022,0.0074,C,C - Daily,06/02/25 Mon,0,Monday,6,June,2,23,2,Q2,0,1,0,1,0,0,0.0,1.0,1.2246467991473532e-16,-1.0,0,0,0.0,1.0,0,0.0,1.0,10378.0,14386.0,11190.0,23467.0,22991.0,25870.0,15273.0,5393.483011932086,10378.0,21055.0,17434.0,5342.552167893783,10378.0,23198.0,17817.785714285714,5250.67513869292,8208.0,23467.0,17889.0,5373.465946282902,7235.0,25870.0,14004.0,1.2514745308310993,0.3064444285817244,22730.0268,186.43560000000002,0.0,0,518,268324,pct_change_7
2025-07-04,9765.0,342.43,0.9148,0.0059,C,C - Daily,07/04/25 Fri,4,Friday,7,July,4,27,3,Q3,0,0,0,0,0,0,-0.433883739117558,-0.9009688679024191,-0.4999999999999998,-0.8660254037844388,0,0,0.0,1.0,0,0.0,1.0,22808.0,22759.0,20167.0,22220.0,20185.0,20051.0,23880.333333333332,1899.929033762394,22759.0,26074.0,19702.285714285714,6335.9998872654905,8522.0,26074.0,19237.785714285714,5593.315394682795,8522.0,26074.0,18924.1,5190.869114326512,7880.0,26074.0,-10402.0,-0.5157931273863242,0.32158704726687576,8933.021999999999,57.6135,0.0,0,550,302500,pct_change_7
2025-07-11,20520.0,341.94,0.9111,0.0087,C,C - Daily,07/11/25 Fri,4,Friday,7,July,11,28,3,Q3,0,0,0,0,0,0,-0.433883739117558,-0.9009688679024191,-0.4999999999999998,-0.8660254037844388,0,0,0.0,1.0,0,0.0,1.0,21044.0,23056.0,9765.0,20167.0,22220.0,20185.0,22460.0,1231.3959558159822,21044.0,23280.0,17922.0,6928.409533700105,9315.0,25727.0,18812.14285714286,6444.911407843014,8522.0,26074.0,18742.1,5557.493477124001,7880.0,26074.0,10755.0,1.1013824884792627,0.38658685044638463,18695.772,178.524,0.0,0,557,310249,pct_change_7
2025-09-08,24144.0,356.51,0.8776,0.0083,C,C - Daily,09/08/25 Mon,0,Monday,9,September,8,37,3,Q3,0,1,0,0,0,0,0.0,1.0,-1.0,-1.8369701987210297e-16,0,0,0.0,1.0,0,0.0,1.0,8886.0,13889.0,13562.0,22728.0,23655.0,23530.0,14609.0,6114.874405905655,8886.0,21052.0,18537.428571428572,6362.7676854531965,8886.0,25094.0,18193.14285714286,5610.450603830495,8334.0,25094.0,17864.466666666667,5343.481279887267,8334.0,25094.0,10582.0,0.7802683969915941,0.34323895900319334,21188.774400000002,200.3952,0.0,0,616,379456,pct_change_7
2025-11-27,4646.0,323.83,0.9828,0.0029,C,C - Daily,11/27/25 Thu,3,Thursday,11,November,27,48,4,Q4,0,0,0,0,0,0,0.43388373911755823,-0.900968867902419,-0.5000000000000004,0.8660254037844384,0,0,0.0,1.0,0,0.0,1.0,19063.0,21420.0,21595.0,22966.0,24607.0,20624.0,21176.0,2002.1820596539606,19063.0,23045.0,18708.571428571428,4757.99176323872,9872.0,23045.0,19390.928571428572,4920.685872522634,9872.0,24695.0,20274.1,5133.807603221662,9872.0,28697.0,-16949.0,-0.784857605927298,0.25432149009370064,4566.0888,13.4734,0.0,0,696,484416,pct_change_7
2025-12-04,23955.0,369.18,0.8786,0.0096,C,C - Daily,12/04/25 Thu,3,Thursday,12,December,4,49,4,Q4,0,0,0,0,0,0,0.43388373911755823,-0.900968867902419,-2.4492935982947064e-16,1.0,0,0,0.0,1.0,0,0.0,1.0,25483.0,25221.0,4646.0,21595.0,22966.0,24607.0,26970.666666666668,2806.67175375633,25221.0,30208.0,18448.714285714286,9199.221845973085,4646.0,30208.0,18578.64285714286,7037.380135414711,4646.0,30208.0,20033.633333333335,6210.719107030745,4646.0,30208.0,19309.0,4.156048213517004,0.49863755834174733,21046.863,229.968,0.0,0,703,494209,pct_change_7
2025-12-25,2950.0,298.5,0.921,0.0173,C,C - Daily,12/25/25 Thu,3,Thursday,12,December,25,52,4,Q4,0,0,0,0,0,0,0.43388373911755823,-0.900968867902419,-2.4492935982947064e-16,1.0,0,0,0.0,1.0,0,0.0,1.0,12669.0,19215.0,20586.0,20904.0,23955.0,4646.0,18082.666666666668,4945.694120478288,12669.0,22364.0,17018.14285714286,4732.379085568265,9782.0,22364.0,17922.5,4790.663752791219,9614.0,23857.0,18694.9,5908.159386347215,4646.0,30208.0,-17636.0,-0.8566987272903915,0.2780784675092787,2716.9500000000003,51.035,0.0,0,724,524176,pct_change_7
2024-01-08,14534.0,342.29,0.8734,0.0127,D,D - Daily,01/08/24 Mon,0,Monday,1,January,8,2,1,Q1,0,1,0,0,0,0,0.0,1.0,0.49999999999999994,0.8660254037844387,0,0,0.0,1.0,0,0.0,1.0,5721.0,8137.0,4380.0,,,,9255.666666666666,4207.065168657758,5721.0,13909.0,11185.57142857143,4956.933926570028,4380.0,16184.0,,,,,,,,,10154.0,2.3182648401826484,0.4431542865935733,12693.9956,184.5818,0.0,0,7,49,pct_change_7
2024-04-07,5268.0,319.8,0.9318,0.006,D,D - Daily,04/07/24 Sun,6,Sunday,4,April,7,14,2,Q2,1,0,1,0,0,0,-0.7818314824680299,0.6234898018587334,0.8660254037844387,-0.49999999999999983,0,0,0.0,1.0,0,0.0,1.0,8154.0,12231.0,2613.0,4838.0,5239.0,4945.0,11213.666666666666,2698.8564862425214,8154.0,13256.0,11025.0,4211.3859951327195,2613.0,14129.0,10216.785714285714,3543.2520737652517,2613.0,14129.0,10159.733333333334,3017.0425680575463,2613.0,14129.0,2655.0,1.0160734787600458,0.3819851242750766,4908.7224,31.608,2613.0,0,97,9409,pct_change_7
2024-05-27,7115.0,300.51,0.9834,0.0037,D,D - Daily,05/27/24 Mon,0,Monday,5,May,27,22,2,Q2,0,1,0,0,0,0,0.0,1.0,0.49999999999999994,-0.8660254037844387,0,0,0.0,1.0,0,0.0,1.0,4597.0,7735.0,14445.0,14327.0,16467.0,14093.0,7887.333333333333,3369.0839012012307,4597.0,11330.0,10923.142857142857,3503.284146272439,4597.0,14445.0,11193.785714285714,3304.142904773464,4597.0,14445.0,11459.066666666668,3674.3390485471214,4274.0,16467.0,-7330.0,-0.507442021460713,0.32072126054650774,6996.8910000000005,26.3255,0.0,0,147,21609,pct_change_7
2024-06-03,16967.0,317.35,0.9672,0.0038,D,D - Daily,06/03/24 Mon,0,Monday,6,June,3,23,2,Q2,0,1,0,1,0,0,0.0,1.0,1.2246467991473532e-16,-1.0,0,0,0.0,1.0,0,0.0,1.0,6378.0,8898.0,7115.0,14445.0,14327.0,16467.0,9285.666666666666,3119.61797874889,6378.0,12581.0,10699.0,3190.0885045193754,6378.0,14405.0,10811.07142857143,3221.0106742661173,4597.0,14445.0,11064.033333333333,3479.1591778844313,4274.0,16467.0,9852.0,1.384680252986648,0.2981669786446748,16410.4824,64.4746,0.0,0,154,23716,pct_change_7
2024-07-04,5646.0,314.01,0.9838,0.0044,D,D - Daily,07/04/24 Thu,3,Thursday,7,July,4,27,3,Q3,0,0,0,0,0,0,0.43388373911755823,-0.900968867902419,-0.4999999999999998,-0.8660254037844388,0,0,0.0,1.0,0,0.0,1.0,13425.0,13545.0,11805.0,12331.0,11891.0,13225.0,13873.666666666666,675.8589596456798,13425.0,14651.0,11152.0,3405.2599998629566,5301.0,14651.0,10961.92857142857,3160.951742368493,5075.0,14651.0,11341.866666666667,3196.5700338971455,4643.0,15595.0,-6159.0,-0.521728081321474,0.3053497130436654,5554.5348,24.8424,0.0,0,185,34225,pct_change_7
2024-07-11,12672.0,322.12,0.757,0.0264,D,D - Daily,07/11/24 Thu,3,Thursday,7,July,11,28,3,Q3,0,0,0,0,0,0,0.43388373911755823,-0.900968867902419,-0.4999999999999998,-0.8660254037844388,0,0,0.0,1.0,0,0.0,1.0,13401.0,13952.0,5646.0,11805.0,12331.0,11891.0,14190.333333333334,931.651401186796,13401.0,15218.0,10654.0,4062.892278496522,5551.0,15218.0,10903.0,3610.7249431914097,5301.0,15218.0,11007.8,3264.9165844548415,4643.0,15218.0,7026.0,1.2444208289054197,0.381349003050171,9592.704,334.5408,0.0,0,192,36864,pct_change_7
2024-09-09,14479.0,294.78,0.9939,0.0044,D,D - Daily,09/09/24 Mon,0,Monday,9,September,9,37,3,Q3,0,1,0,0,0,0,0.0,1.0,-1.0,-1.8369701987210297e-16,0,0,0.0,1.0,0,0.0,1.0,5576.0,8469.0,8285.0,14013.0,13784.0,13286.0,8891.666666666666,3545.9433629618625,5576.0,12630.0,11236.285714285714,3790.613833945003,5576.0,15529.0,10948.0,3255.5934352103304,5576.0,15529.0,10667.1,3117.8834481987465,5435.0,15529.0,6194.0,0.7476161738080869,0.3373547033541209,14390.6781,63.707600000000006,0.0,0,252,63504,pct_change_7
2024-11-28,2260.0,290.47,0.9702,0.006,D,D - Daily,11/28/24 Thu,3,Thursday,11,November,28,48,4,Q4,0,0,0,0,1,0,0.43388373911755823,-0.900968867902419,-0.5000000000000004,0.8660254037844384,0,0,0.0,1.0,0,0.0,1.0,10615.0,11483.0,12946.0,12682.0,13128.0,10330.0,11761.666666666666,1308.4484450421858,10615.0,13187.0,10705.57142857143,2757.4763738572533,5492.0,13187.0,11106.42857142857,2849.135758686931,5492.0,14289.0,11226.933333333332,2699.602690222667,5492.0,15397.0,-10686.0,-0.825428703846748,0.2575739550434456,2192.652,13.56,0.0,0,332,110224,pct_change_7
2024-12-05,14443.0,297.88,0.9405,0.0089,D,D - Daily,12/05/24 Thu,3,Thursday,12,December,5,49,4,Q4,0,0,0,0,0,0,0.43388373911755823,-0.900968867902419,-2.4492935982947064e-16,1.0,0,0,0.0,1.0,0,0.0,1.0,15058.0,15810.0,2260.0,12946.0,12682.0,13128.0,15857.0,823.5065269929897,15058.0,16703.0,10752.57142857143,5413.375898554212,2260.0,16703.0,10729.07142857143,4127.372221649503,2260.0,16703.0,11155.966666666667,3410.680804557163,2260.0,16703.0,12183.0,5.0,0.5034494245878658,13583.6415,128.5427,0.0,0,339,114921,pct_change_7
2024-12-25,1727.0,308.86,0.8358,0.0204,D,D - Daily,12/25/24 Wed,2,Wednesday,12,December,25,52,4,Q4,0,0,0,0,0,0,0.9749279121818236,-0.22252093395631434,-2.4492935982947064e-16,1.0,0,0,0.0,1.0,0,0.0,1.0,6883.0,12297.0,13390.0,13473.0,15058.0,10615.0,8442.0,3358.803507203116,6146.0,12297.0,10398.0,2927.7070664031025,6146.0,13390.0,10915.785714285714,2916.749987402243,5945.0,14051.0,11176.1,3480.012191318317,2260.0,16703.0,-11663.0,-0.8710231516056759,0.28156444185450114,1443.4266,35.2308,0.0,0,359,128881,pct_change_7
2025-01-01,4643.0,301.27,0.9717,0.0058,D,D - Daily,01/01/25 Wed,2,Wednesday,1,January,1,1,1,Q1,0,0,0,1,0,1,0.9749279121818236,-0.22252093395631434,0.49999999999999994,0.8660254037844387,0,0,0.0,1.0,0,0.0,1.0,9246.0,12699.0,1727.0,13390.0,13473.0,15058.0,8901.666666666666,3980.685158780245,4760.0,12699.0,8460.857142857143,4004.9563222159036,1727.0,12699.0,9429.42857142857,3516.9992829177554,1727.0,13390.0,11050.9,3639.497221339496,1727.0,16703.0,2916.0,1.6884771279675739,0.4733511338856469,4511.6031,26.929399999999998,0.0,0,366,133956,pct_change_7
2025-01-08,12544.0,330.17,0.9011,0.0092,D,D - Daily,01/08/25 Wed,2,Wednesday,1,January,8,2,1,Q1,0,0,0,0,0,0,0.9749279121818236,-0.22252093395631434,0.49999999999999994,0.8660254037844387,0,0,0.0,1.0,0,0.0,1.0,13309.0,13912.0,4643.0,1727.0,13390.0,13473.0,11013.333333333334,4508.51708806048,5819.0,13912.0,10898.42857142857,4308.75120567212,4643.0,15066.0,9679.642857142857,4191.807148513601,1727.0,15066.0,10544.9,3602.5976868231382,1727.0,15066.0,7901.0,1.7017014861081197,0.39535527323342606,11303.3984,115.4048,0.0,0,373,139129,pct_change_7
2025-04-27,4731.0,312.2,0.9346,0.008,D,D - Daily,04/27/25 Sun,6,Sunday,4,April,27,17,2,Q2,1,0,1,0,0,0,-0.7818314824680299,0.6234898018587334,0.8660254037844387,-0.49999999999999983,0,0,0.0,1.0,0,0.0,1.0,7021.0,10533.0,2598.0,4564.0,4959.0,4434.0,9263.0,1947.3376697429685,7021.0,10533.0,9216.142857142857,3320.6396185359317,2598.0,11965.0,9190.57142857143,2877.505375635855,2598.0,11965.0,9492.8,2722.177112989297,2598.0,12304.0,2133.0,0.8210161662817552,0.36030687349451307,4421.5926,37.848,2598.0,0,482,232324,pct_change_7
2025-05-26,5637.0,330.61,0.8419,0.0235,D,D - Daily,05/26/25 Mon,0,Monday,5,May,26,22,2,Q2,0,1,0,0,0,0,0.0,1.0,0.49999999999999994,-0.8660254037844387,0,0,0.0,1.0,0,0.0,1.0,4175.0,6494.0,11889.0,11908.0,13084.0,11990.0,6986.666666666667,3087.621144721815,4175.0,10291.0,9337.57142857143,2857.127920199046,4175.0,11889.0,9430.57142857143,2654.5385435365083,4175.0,11908.0,9399.366666666667,2830.26808140919,3335.0,13084.0,-6252.0,-0.5258642442593995,0.30598190782848583,4745.7903,132.4695,0.0,0,511,261121,pct_change_7
2025-06-02,13042.0,321.05,0.9315,0.0084,D,D - Daily,06/02/25 Mon,0,Monday,6,June,2,23,2,Q2,0,1,0,1,0,0,0.0,1.0,1.2246467991473532e-16,-1.0,0,0,0.0,1.0,0,0.0,1.0,4993.0,7151.0,5637.0,11889.0,11908.0,13084.0,7476.333333333333,2660.9579728611407,4993.0,10285.0,8681.714285714286,2690.1888852077313,4993.0,11507.0,9009.642857142857,2687.682690953827,4175.0,11889.0,9119.633333333333,2786.094058408444,3335.0,13084.0,7405.0,1.313642008160369,0.3098683965716797,12148.623,109.55279999999999,0.0,0,518,268324,pct_change_7
2025-07-04,4704.0,327.46,0.9377,0.0074,D,D - Daily,07/04/25 Fri,4,Friday,7,July,4,27,3,Q3,0,0,0,0,0,0,-0.433883739117558,-0.9009688679024191,-0.4999999999999998,-0.8660254037844388,0,0,0.0,1.0,0,0.0,1.0,11313.0,11437.0,9834.0,11804.0,10094.0,10294.0,11712.666666666666,588.132921484088,11313.0,12388.0,9610.0,3054.342482433818,4087.0,12388.0,9500.642857142857,2783.0024076703476,4087.0,12388.0,9535.9,2620.5972910901332,4087.0,12417.0,-5130.0,-0.5216595485051861,0.31782960275065747,4410.9408,34.8096,0.0,0,550,302500,pct_change_7
2025-07-11,10320.0,325.82,0.9178,0.0117,D,D - Daily,07/11/25 Fri,4,Friday,7,July,11,28,3,Q3,0,0,0,0,0,0,-0.433883739117558,-0.9009688679024191,-0.4999999999999998,-0.8660254037844388,0,0,0.0,1.0,0,0.0,1.0,11055.0,11996.0,4704.0,9834.0,11804.0,10094.0,11546.0,471.83789589228775,11055.0,11996.0,9179.0,3750.431619605044,4704.0,13692.0,9394.5,3293.5675712142147,4087.0,13692.0,9419.5,2842.4244113929817,4087.0,13692.0,5616.0,1.1938775510204083,0.40858825793714393,9471.696,120.744,0.0,0,557,310249,pct_change_7
2025-08-31,10141.0,305.78,0.9752,0.0222,D,D - Daily,08/31/25 Sun,6,Sunday,8,August,31,35,3,Q3,1,0,1,0,1,0,-0.7818314824680299,0.6234898018587334,-0.8660254037844384,-0.5000000000000004,0,0,0.0,1.0,0,0.0,1.0,10141.0,10141.0,4317.0,4818.0,4529.0,5115.0,10141.0,0.0,10141.0,10141.0,9531.42857142857,2371.433592937881,4317.0,11698.0,9449.785714285714,2359.4248705522004,4317.0,11935.0,9566.033333333333,2436.2627184549096,4317.0,13113.0,5824.0,1.3490850127403289,0.2488014860696218,9889.5032,225.1302,4317.0,0,608,369664,pct_change_7
2025-09-07,4899.0,336.43,0.9055,0.009,D,D - Daily,09/07/25 Sun,6,Sunday,9,September,7,36,3,Q3,1,0,1,0,0,0,-0.7818314824680299,0.6234898018587334,-1.0,-1.8369701987210297e-16,0,0,0.0,1.0,0,0.0,1.0,7234.0,10141.0,10141.0,4317.0,4818.0,4529.0,9172.0,1678.3572325342395,7234.0,10141.0,9725.714285714286,1098.742723037815,7234.0,10141.0,9628.57142857143,1778.4546322920137,4317.0,11698.0,9460.7,2117.3826092119207,4317.0,12157.0,-5242.0,-0.5169115471846958,0.11297295918426417,4436.0445,44.090999999999994,10141.0,0,615,378225,pct_change_7
2025-11-27,2225.0,303.2,0.9698,0.0048,D,D - Daily,11/27/25 Thu,3,Thursday,11,November,27,48,4,Q4,0,0,0,0,0,0,0.43388373911755823,-0.900968867902419,-0.5000000000000004,0.8660254037844384,0,0,0.0,1.0,0,0.0,1.0,9744.0,11292.0,11764.0,11036.0,11032.0,9187.0,11130.0,1312.519714137675,9744.0,12354.0,10056.0,2553.96273791664,5338.0,12354.0,10198.142857142857,2525.7599269905363,5338.0,12859.0,10124.9,2437.9956486340525,5338.0,13314.0,-9539.0,-0.8108636518191091,0.2539740192836754,2157.805,10.68,0.0,0,696,484416,pct_change_7
2025-12-04,13092.0,349.12,0.919,0.0095,D,D - Daily,12/04/25 Thu,3,Thursday,12,December,4,49,4,Q4,0,0,0,0,0,0,0.43388373911755823,-0.900968867902419,-2.4492935982947064e-16,1.0,0,0,0.0,1.0,0,0.0,1.0,14302.0,14196.0,2225.0,11764.0,11036.0,11032.0,14667.666666666666,727.0861938817729,14196.0,15505.0,9936.0,5029.444071333,2225.0,15505.0,9996.0,3832.6391790674884,2225.0,15505.0,10267.666666666666,3135.4552145260823,2225.0,15505.0,10867.0,4.884044943820225,0.5061839846349637,12031.548,124.374,0.0,0,703,494209,pct_change_7
2025-12-25,1667.0,291.03,0.9952,0.0096,D,D - Daily,12/25/25 Thu,3,Thursday,12,December,25,52,4,Q4,0,0,0,0,0,0,0.43388373911755823,-0.900968867902419,-2.4492935982947064e-16,1.0,0,0,0.0,1.0,0,0.0,1.0,6700.0,10599.0,11694.0,11779.0,13092.0,2225.0,9776.333333333334,2758.5884675560687,6700.0,12030.0,9554.285714285714,2506.5011280192753,5865.0,12030.0,10049.5,2562.8869163804075,5445.0,12891.0,10370.866666666667,3220.2978629991244,2225.0,15505.0,-10027.0,-0.8574482640670429,0.26234312045656294,1658.9984,16.0032,0.0,0,724,524176,pct_change_7
